Protocollo;Gruppo;DataOraIncidente;Localizzazione1;STRADA1;Localizzazione2;STRADA2;Strada02;Chilometrica;DaSpecificare;NaturaIncidente;particolaritastrade;TipoStrada;FondoStradale;Pavimentazione;Segnaletica;CondizioneAtmosferica;Traffico;Visibilita;Illuminazione;NUM_FERITI;NUM_RISERVATA;NUM_MORTI;NUM_ILLESI;Longitudine;Latitudine;Confermato;Progressivo;TipoVeicolo;StatoVeicolo;TipoPersona;Sesso;Tipolesione;Deceduto;DecedutoDopo;CinturaCascoUtilizzato;Airbag
1728008;16;07/06/2007 01:30;Strada Urbana;VIALE DEI COLLI PORTUENSI;all'intersezione con;LARGO ALBERTO MISSIROLI;LARGO ALBERTO MISSIROLI;;;Scontro frontale/laterale DX fra veicoli in marcia;Incrocio;Due carreggiate;Asciutto;Asfaltata;Verticale ed orizzontale;Sereno;Normale;Sufficiente;Sufficiente;1;0;0;4;;;-1;1;Autovettura privata;In marcia / fermata / arresto;Passeggero;M;Illeso;0;;Non accertato;Inesistente
1728008;16;07/06/2007 01:30;Strada Urbana;VIALE DEI COLLI PORTUENSI;all'intersezione con;LARGO ALBERTO MISSIROLI;LARGO ALBERTO MISSIROLI;;;Scontro frontale/laterale DX fra veicoli in marcia;Incrocio;Due carreggiate;Asciutto;Asfaltata;Verticale ed orizzontale;Sereno;Normale;Sufficiente;Sufficiente;1;0;0;4;;;-1;2;Motociclo con passeggero;In marcia / fermata / arresto;Conducente;M;Ricoverato;0;NON DECEDUTO;Non accertato;Inesistente
1728031;18;18/06/2007 13:30;Strada Urbana;PIAZZA IRNERIO;da specificare;;;;fronte civico 59;Tamponamento;Rettilineo;Due carreggiate;Asciutto;Asfaltata;Verticale ed orizzontale;Sereno;Normale;Buona;Ore Diurne;1;0;0;1;;;-1;1;Autovettura privata;In marcia / fermata / arresto;Conducente;M;Illeso;0;;Non accertato;Inesistente
1728031;18;18/06/2007 13:30;Strada Urbana;PIAZZA IRNERIO;da specificare;;;;fronte civico 59;Tamponamento;Rettilineo;Due carreggiate;Asciutto;Asfaltata;Verticale ed orizzontale;Sereno;Normale;Buona;Ore Diurne;1;0;0;1;;;-1;2;Autovettura privata;In marcia / fermata / arresto;Conducente;M;Rifiuta cure immediate;0;NON DECEDUTO;Non accertato;Inesistente
1728032;18;19/06/2007 08:30;Strada Urbana;VIA AURELIA;in prossimità;;fronte civico nr.;686;;Tamponamento;Rettilineo;Una carreggiata a doppio senso;Asciutto;Asfaltata;Verticale ed orizzontale;Sereno;Normale;Buona;Ore Diurne;1;0;0;1;;;-1;1;Autovettura pubblica;In marcia / fermata / arresto;Conducente;M;Rifiuta cure immediate;0;NON DECEDUTO;Non accertato;Inesploso
1728032;18;19/06/2007 08:30;Strada Urbana;VIA AURELIA;in prossimità;;fronte civico nr.;686;;Tamponamento;Rettilineo;Una carreggiata a doppio senso;Asciutto;Asfaltata;Verticale ed orizzontale;Sereno;Normale;Buona;Ore Diurne;1;0;0;1;;;-1;2;Autovettura privata;In marcia / fermata / arresto;Conducente;M;Illeso;0;;Non accertato;Inesistente
1728033;18;19/06/2007 10:10;Strada Urbana;VIA DI BOCCEA;all'intersezione semaforizzata con;VIA MATTIA BATTISTINI;VIA MATTIA BATTISTINI;;;Scontro laterale fra veicoli in marcia;Intersezione semaforizzata;Due carreggiate;Asciutto;Asfaltata;Verticale;Nuvoloso;Normale;Buona;Ore Diurne;0;0;0;2;;;-1;1;Autovettura privata;In marcia / fermata / arresto;Conducente;F;Illeso;0;;Non accertato;Inesploso
1728033;18;19/06/2007 10:10;Strada Urbana;VIA DI BOCCEA;all'intersezione semaforizzata con;VIA MATTIA BATTISTINI;VIA MATTIA BATTISTINI;;;Scontro laterale fra veicoli in marcia;Intersezione semaforizzata;Due carreggiate;Asciutto;Asfaltata;Verticale;Nuvoloso;Normale;Buona;Ore Diurne;0;0;0;2;;;-1;2;Autovettura privata;In marcia / fermata / arresto;Conducente;M;Illeso;0;;Non accertato;Inesploso
1728034;18;19/06/2007 10:20;Strada Urbana;VIA AURELIA;in prossimità;;del civico n. ;107;;Scontro frontale/laterale DX fra veicoli in marcia;Rettilineo;Una carreggiata a doppio senso;Asciutto;Asfaltata;Verticale ed orizzontale;Nuvoloso;Normale;Buona;Ore Diurne;1;0;0;1;;;-1;1;Motociclo a solo;In marcia / fermata / arresto;Conducente;M;Ricoverato;0;NON DECEDUTO;Non accertato;Inesistente
1728034;18;19/06/2007 10:20;Strada Urbana;VIA AURELIA;in prossimità;;del civico n. ;107;;Scontro frontale/laterale DX fra veicoli in marcia;Rettilineo;Una carreggiata a doppio senso;Asciutto;Asfaltata;Verticale ed orizzontale;Nuvoloso;Normale;Buona;Ore Diurne;1;0;0;1;;;-1;2;Autovettura privata;In marcia / fermata / arresto;Conducente;M;Illeso;0;;Non accertato;Inesistente
1728035;18;19/06/2007 11:50;Strada Urbana;VIA GIOVAN BATTISTA GANDINO;in prossimità;;del civico n. ;1;;Fuoriuscita dalla sede stradale;Pendenza;Una carreggiata a senso unico di marcia;Asciutto;Sterrata;Assente;Nuvoloso;Scarso;Buona;Ore Diurne;1;0;0;1;;;-1;;;;Pedone;F;Rimandato;0;NON DECEDUTO;;
1728035;18;19/06/2007 11:50;Strada Urbana;VIA GIOVAN BATTISTA GANDINO;in prossimità;;del civico n. ;1;;Fuoriuscita dalla sede stradale;Pendenza;Una carreggiata a senso unico di marcia;Asciutto;Sterrata;Assente;Nuvoloso;Scarso;Buona;Ore Diurne;1;0;0;1;;;-1;1;Autovettura privata;In marcia / fermata / arresto;Conducente;F;Illeso;0;;Non accertato;Inesistente
1728036;18;19/06/2007 15:00;Strada Urbana;VIA ANASTASIO II;in prossimità;;del civico n. ;45;;Scontro laterale fra veicoli in marcia;Rettilineo;Una carreggiata a doppio senso;Asciutto;Asfaltata;Verticale ed orizzontale;Sereno;Intenso;Buona;Ore Diurne;1;0;0;1;;;-1;1;Autovettura privata;In marcia / fermata / arresto;Conducente;F;Illeso;0;;Non accertato;Inesistente
1728036;18;19/06/2007 15:00;Strada Urbana;VIA ANASTASIO II;in prossimità;;del civico n. ;45;;Scontro laterale fra veicoli in marcia;Rettilineo;Una carreggiata a doppio senso;Asciutto;Asfaltata;Verticale ed orizzontale;Sereno;Intenso;Buona;Ore Diurne;1;0;0;1;;;-1;2;Motociclo a solo;In marcia / fermata / arresto;Conducente;M;Rimandato;0;NON DECEDUTO;Non accertato;Inesistente
1728037;18;19/06/2007 17:10;Strada Urbana;VIA DI BOCCEA;all'intersezione semaforizzata con;VIA BRA;VIA BRA;;;Scontro frontale/laterale DX fra veicoli in marcia;Intersezione semaforizzata;Una carreggiata a doppio senso;Asciutto;Asfaltata;Verticale ed orizzontale;Sereno;Intenso;Buona;Ore Diurne;2;0;0;3;;;-1;1;Motociclo a solo;In marcia / fermata / arresto;Conducente;M;Rimandato;0;NON DECEDUTO;Non accertato;Inesistente
1728037;18;19/06/2007 17:10;Strada Urbana;VIA DI BOCCEA;all'intersezione semaforizzata con;VIA BRA;VIA BRA;;;Scontro frontale/laterale DX fra veicoli in marcia;Intersezione semaforizzata;Una carreggiata a doppio senso;Asciutto;Asfaltata;Verticale ed orizzontale;Sereno;Intenso;Buona;Ore Diurne;2;0;0;3;;;-1;1;Motociclo a solo;In marcia / fermata / arresto;Passeggero;F;Rimandato;0;NON DECEDUTO;Non accertato;Inesistente
1728037;18;19/06/2007 17:10;Strada Urbana;VIA DI BOCCEA;all'intersezione semaforizzata con;VIA BRA;VIA BRA;;;Scontro frontale/laterale DX fra veicoli in marcia;Intersezione semaforizzata;Una carreggiata a doppio senso;Asciutto;Asfaltata;Verticale ed orizzontale;Sereno;Intenso;Buona;Ore Diurne;2;0;0;3;;;-1;2;Autovettura privata;In marcia / fermata / arresto;Conducente;M;Illeso;0;;Non accertato;Inesistente
1728037;18;19/06/2007 17:10;Strada Urbana;VIA DI BOCCEA;all'intersezione semaforizzata con;VIA BRA;VIA BRA;;;Scontro frontale/laterale DX fra veicoli in marcia;Intersezione semaforizzata;Una carreggiata a doppio senso;Asciutto;Asfaltata;Verticale ed orizzontale;Sereno;Intenso;Buona;Ore Diurne;2;0;0;3;;;-1;2;Autovettura privata;In marcia / fermata / arresto;Passeggero;M;Illeso;0;;Non accertato;Inesistente
1728037;18;19/06/2007 17:10;Strada Urbana;VIA DI BOCCEA;all'intersezione semaforizzata con;VIA BRA;VIA BRA;;;Scontro frontale/laterale DX fra veicoli in marcia;Intersezione semaforizzata;Una carreggiata a doppio senso;Asciutto;Asfaltata;Verticale ed orizzontale;Sereno;Intenso;Buona;Ore Diurne;2;0;0;3;;;-1;3;Autovettura privata;In marcia / fermata / arresto;Conducente;M;Illeso;0;;Non accertato;Inesistente
1728038;18;20/06/2007 09:00;Strada Urbana;VIA GREGORIO VII;in corrispondenza;;del civico n. ;130;;Scontro laterale fra veicoli in marcia;Rettilineo;Una carreggiata a senso unico di marcia;Asciutto;Asfaltata;Verticale ed orizzontale;Sereno;Normale;Buona;Ore Diurne;0;0;0;2;;;-1;1;Autocarro inferiore 35 q.;In marcia / fermata / arresto;Conducente;M;Illeso;0;;Non accertato;Inesistente
1728038;18;20/06/2007 09:00;Strada Urbana;VIA GREGORIO VII;in corrispondenza;;del civico n. ;130;;Scontro laterale fra veicoli in marcia;Rettilineo;Una carreggiata a senso unico di marcia;Asciutto;Asfaltata;Verticale ed orizzontale;Sereno;Normale;Buona;Ore Diurne;0;0;0;2;;;-1;2;Autovettura privata;In marcia / fermata / arresto;Conducente;M;Illeso;0;;Non accertato;Inesistente
1728039;18;20/06/2007 09:35;Strada Urbana;VIA DEL CASALE DI S. PIO V;in prossimità;;del civico n. ;5;;Scontro laterale fra veicoli in marcia;Rettilineo;Una carreggiata a doppio senso;Asciutto;Asfaltata;Verticale ed orizzontale;Sereno;Normale;Buona;Ore Diurne;1;0;0;1;;;-1;1;Motociclo a solo;In marcia / fermata / arresto;Conducente;M;Rifiuta cure immediate;0;NON DECEDUTO;Utilizzato;Inesistente
1728039;18;20/06/2007 09:35;Strada Urbana;VIA DEL CASALE DI S. PIO V;in prossimità;;del civico n. ;5;;Scontro laterale fra veicoli in marcia;Rettilineo;Una carreggiata a doppio senso;Asciutto;Asfaltata;Verticale ed orizzontale;Sereno;Normale;Buona;Ore Diurne;1;0;0;1;;;-1;2;Autovettura privata;In marcia / fermata / arresto;Conducente;M;Illeso;0;;Non accertato;Inesistente
1728040;18;20/06/2007 17:00;Statale;VIA AURELIA;da specificare;;;;in prossimità di via Casali Sant'Ovetti;Veicolo in marcia contro veicolo arresto;Rettilineo;Più di due carreggiate;Asciutto;Asfaltata;Verticale ed orizzontale;Sereno;Normale;Buona;Ore Diurne;0;0;0;2;;;-1;1;Autovettura privata;In marcia / fermata / arresto;Conducente;F;Illeso;0;;Non accertato;Inesistente
1728040;18;20/06/2007 17:00;Statale;VIA AURELIA;da specificare;;;;in prossimità di via Casali Sant'Ovetti;Veicolo in marcia contro veicolo arresto;Rettilineo;Più di due carreggiate;Asciutto;Asfaltata;Verticale ed orizzontale;Sereno;Normale;Buona;Ore Diurne;0;0;0;2;;;-1;2;Altro;In marcia / fermata / arresto;Conducente;M;Illeso;0;;Esente;Inesistente
1728041;18;20/06/2007 17:50;Statale;VIA AURELIA;da specificare;;;;(cavalcavia 'Monachina');Scontro frontale/laterale DX fra veicoli in marcia;Cavalcavia;Una carreggiata a doppio senso;Asciutto;Asfaltata;Verticale ed orizzontale;Sereno;Normale;Buona;Ore Diurne;0;0;0;5;;;-1;1;Autovettura privata;In marcia / fermata / arresto;Conducente;M;Illeso;0;;Non accertato;Inesistente
1728041;18;20/06/2007 17:50;Statale;VIA AURELIA;da specificare;;;;(cavalcavia 'Monachina');Scontro frontale/laterale DX fra veicoli in marcia;Cavalcavia;Una carreggiata a doppio senso;Asciutto;Asfaltata;Verticale ed orizzontale;Sereno;Normale;Buona;Ore Diurne;0;0;0;5;;;-1;1;Autovettura privata;In marcia / fermata / arresto;Passeggero;F;Illeso;0;;Non accertato;Inesistente
1728041;18;20/06/2007 17:50;Statale;VIA AURELIA;da specificare;;;;(cavalcavia 'Monachina');Scontro frontale/laterale DX fra veicoli in marcia;Cavalcavia;Una carreggiata a doppio senso;Asciutto;Asfaltata;Verticale ed orizzontale;Sereno;Normale;Buona;Ore Diurne;0;0;0;5;;;-1;2;Autovettura privata;In marcia / fermata / arresto;Conducente;M;Illeso;0;;Non accertato;Inesistente
1728041;18;20/06/2007 17:50;Statale;VIA AURELIA;da specificare;;;;(cavalcavia 'Monachina');Scontro frontale/laterale DX fra veicoli in marcia;Cavalcavia;Una carreggiata a doppio senso;Asciutto;Asfaltata;Verticale ed orizzontale;Sereno;Normale;Buona;Ore Diurne;0;0;0;5;;;-1;2;Autovettura privata;In marcia / fermata / arresto;Passeggero;F;Illeso;0;;Non accertato;Inesistente
1728041;18;20/06/2007 17:50;Statale;VIA AURELIA;da specificare;;;;(cavalcavia 'Monachina');Scontro frontale/laterale DX fra veicoli in marcia;Cavalcavia;Una carreggiata a doppio senso;Asciutto;Asfaltata;Verticale ed orizzontale;Sereno;Normale;Buona;Ore Diurne;0;0;0;5;;;-1;2;Autovettura privata;In marcia / fermata / arresto;Passeggero;F;Illeso;0;;Non accertato;Inesistente
1728042;18;20/06/2007 19:00;Strada Urbana;PIAZZA IRNERIO;all'intersezione semaforizzata con;VIA BALDO DEGLI UBALDI;VIA BALDO DEGLI UBALDI;;;Scontro laterale fra veicoli in marcia;Intersezione semaforizzata;Due carreggiate;Asciutto;Asfaltata;Verticale ed orizzontale;Sereno;Normale;Buona;Ore Diurne;0;0;0;7;;;-1;1;Autovettura privata;In marcia / fermata / arresto;Conducente;F;Illeso;0;;Non accertato;Inesploso
1728042;18;20/06/2007 19:00;Strada Urbana;PIAZZA IRNERIO;all'intersezione semaforizzata con;VIA BALDO DEGLI UBALDI;VIA BALDO DEGLI UBALDI;;;Scontro laterale fra veicoli in marcia;Intersezione semaforizzata;Due carreggiate;Asciutto;Asfaltata;Verticale ed orizzontale;Sereno;Normale;Buona;Ore Diurne;0;0;0;7;;;-1;1;Autovettura privata;In marcia / fermata / arresto;Passeggero;F;Illeso;0;;Non accertato;Inesploso
1728042;18;20/06/2007 19:00;Strada Urbana;PIAZZA IRNERIO;all'intersezione semaforizzata con;VIA BALDO DEGLI UBALDI;VIA BALDO DEGLI UBALDI;;;Scontro laterale fra veicoli in marcia;Intersezione semaforizzata;Due carreggiate;Asciutto;Asfaltata;Verticale ed orizzontale;Sereno;Normale;Buona;Ore Diurne;0;0;0;7;;;-1;2;Autovettura privata;In marcia / fermata / arresto;Conducente;M;Illeso;0;;Utilizzato;Inesploso
1728042;18;20/06/2007 19:00;Strada Urbana;PIAZZA IRNERIO;all'intersezione semaforizzata con;VIA BALDO DEGLI UBALDI;VIA BALDO DEGLI UBALDI;;;Scontro laterale fra veicoli in marcia;Intersezione semaforizzata;Due carreggiate;Asciutto;Asfaltata;Verticale ed orizzontale;Sereno;Normale;Buona;Ore Diurne;0;0;0;7;;;-1;2;Autovettura privata;In marcia / fermata / arresto;Passeggero;F;Illeso;0;;Non accertato;Inesploso
1728042;18;20/06/2007 19:00;Strada Urbana;PIAZZA IRNERIO;all'intersezione semaforizzata con;VIA BALDO DEGLI UBALDI;VIA BALDO DEGLI UBALDI;;;Scontro laterale fra veicoli in marcia;Intersezione semaforizzata;Due carreggiate;Asciutto;Asfaltata;Verticale ed orizzontale;Sereno;Normale;Buona;Ore Diurne;0;0;0;7;;;-1;2;Autovettura privata;In marcia / fermata / arresto;Passeggero;M;Illeso;0;;Non accertato;Inesploso
1728042;18;20/06/2007 19:00;Strada Urbana;PIAZZA IRNERIO;all'intersezione semaforizzata con;VIA BALDO DEGLI UBALDI;VIA BALDO DEGLI UBALDI;;;Scontro laterale fra veicoli in marcia;Intersezione semaforizzata;Due carreggiate;Asciutto;Asfaltata;Verticale ed orizzontale;Sereno;Normale;Buona;Ore Diurne;0;0;0;7;;;-1;2;Autovettura privata;In marcia / fermata / arresto;Passeggero;F;Illeso;0;;Non accertato;Inesploso
1728042;18;20/06/2007 19:00;Strada Urbana;PIAZZA IRNERIO;all'intersezione semaforizzata con;VIA BALDO DEGLI UBALDI;VIA BALDO DEGLI UBALDI;;;Scontro laterale fra veicoli in marcia;Intersezione semaforizzata;Due carreggiate;Asciutto;Asfaltata;Verticale ed orizzontale;Sereno;Normale;Buona;Ore Diurne;0;0;0;7;;;-1;2;Autovettura privata;In marcia / fermata / arresto;Passeggero;M;Illeso;0;;Non accertato;Inesploso
1728043;18;20/06/2007 19:05;Strada Urbana;VIA DI BOCCEA;in prossimità;;del civico n. ;450;;Veicolo in marcia contro ostacolo accidentale;Curva a visuale libera;Una carreggiata a senso unico di marcia;Viscido da liquidi oleosi;Asfaltata;Verticale ed orizzontale;Sereno;Normale;Buona;Sufficiente;0;0;0;1;;;-1;1;Motociclo a solo;In marcia / fermata / arresto;Conducente;M;Illeso;0;;Non accertato;Inesistente
1728044;18;20/06/2007 23:30;Strada Urbana;VIA DI BOCCEA;all'intersezione con;VIA URBANO II;VIA URBANO II;;;Scontro frontale/laterale DX fra veicoli in marcia;Incrocio;Una carreggiata a doppio senso;Asciutto;Asfaltata;Verticale ed orizzontale;Sereno;Normale;Buona;Sufficiente;2;0;0;2;;;-1;1;Motociclo con passeggero;In marcia / fermata / arresto;Conducente;M;Rimandato;0;NON DECEDUTO;Non accertato;Inesistente
1728044;18;20/06/2007 23:30;Strada Urbana;VIA DI BOCCEA;all'intersezione con;VIA URBANO II;VIA URBANO II;;;Scontro frontale/laterale DX fra veicoli in marcia;Incrocio;Una carreggiata a doppio senso;Asciutto;Asfaltata;Verticale ed orizzontale;Sereno;Normale;Buona;Sufficiente;2;0;0;2;;;-1;1;Motociclo con passeggero;In marcia / fermata / arresto;Passeggero;M;Rimandato;0;NON DECEDUTO;Non accertato;Inesistente
1728044;18;20/06/2007 23:30;Strada Urbana;VIA DI BOCCEA;all'intersezione con;VIA URBANO II;VIA URBANO II;;;Scontro frontale/laterale DX fra veicoli in marcia;Incrocio;Una carreggiata a doppio senso;Asciutto;Asfaltata;Verticale ed orizzontale;Sereno;Normale;Buona;Sufficiente;2;0;0;2;;;-1;2;Autovettura privata;In marcia / fermata / arresto;Conducente;M;Illeso;0;;Esente;Inesistente
1728044;18;20/06/2007 23:30;Strada Urbana;VIA DI BOCCEA;all'intersezione con;VIA URBANO II;VIA URBANO II;;;Scontro frontale/laterale DX fra veicoli in marcia;Incrocio;Una carreggiata a doppio senso;Asciutto;Asfaltata;Verticale ed orizzontale;Sereno;Normale;Buona;Sufficiente;2;0;0;2;;;-1;2;Autovettura privata;In marcia / fermata / arresto;Passeggero;M;Illeso;0;;Non accertato;Inesistente
1728045;18;21/06/2007 01:40;Statale entro l'abitato;VIA AURELIA;in corrispondenza;;del civico n. ;114;;Investimento di pedone;Pendenza;Una carreggiata a doppio senso;Asciutto;Asfaltata;Orizzontale;Sereno;Normale;Buona;Sufficiente;1;0;0;2;;;-1;1;Autovettura privata;In marcia / fermata / arresto;Conducente;M;Illeso;0;;Non accertato;Inesistente
1728045;18;21/06/2007 01:40;Statale entro l'abitato;VIA AURELIA;in corrispondenza;;del civico n. ;114;;Investimento di pedone;Pendenza;Una carreggiata a doppio senso;Asciutto;Asfaltata;Orizzontale;Sereno;Normale;Buona;Sufficiente;1;0;0;2;;;-1;1;Autovettura privata;In marcia / fermata / arresto;Passeggero;F;Illeso;0;;Non accertato;Inesistente
1728045;18;21/06/2007 01:40;Statale entro l'abitato;VIA AURELIA;in corrispondenza;;del civico n. ;114;;Investimento di pedone;Pendenza;Una carreggiata a doppio senso;Asciutto;Asfaltata;Orizzontale;Sereno;Normale;Buona;Sufficiente;1;0;0;2;;;-1;2;Velocipede;In marcia / fermata / arresto;Conducente;M;Rimandato;0;NON DECEDUTO;Non accertato;Inesistente
1728046;18;21/06/2007 11:50;Strada Urbana;VIA DEL CASALE DI S. PIO V;all'intersezione con;VIA CARDINAL PACCA;VIA CARDINAL PACCA;;;Scontro frontale/laterale DX fra veicoli in marcia;Incrocio;Una carreggiata a doppio senso;Asciutto;Asfaltata;Orizzontale;Sereno;Normale;Buona;Ore Diurne;1;0;0;1;;;-1;1;Motociclo a solo;In marcia / fermata / arresto;Conducente;M;Ricoverato;0;NON DECEDUTO;Non accertato;Inesistente
1728046;18;21/06/2007 11:50;Strada Urbana;VIA DEL CASALE DI S. PIO V;all'intersezione con;VIA CARDINAL PACCA;VIA CARDINAL PACCA;;;Scontro frontale/laterale DX fra veicoli in marcia;Incrocio;Una carreggiata a doppio senso;Asciutto;Asfaltata;Orizzontale;Sereno;Normale;Buona;Ore Diurne;1;0;0;1;;;-1;2;Autovettura privata;In marcia / fermata / arresto;Conducente;M;Illeso;0;;Non accertato;Inesistente
1728047;19;18/06/2007 15:35;Strada Urbana;VIA GIOVANNI MARTINOTTI;da specificare;;;;area di parcheggio ospedale S. FIlippo Neri;Scontro frontale/laterale DX fra veicoli in marcia;Rettilineo;Una carreggiata a doppio senso;Asciutto;Asfaltata;Verticale ed orizzontale;Sereno;Scarso;Buona;Ore Diurne;1;0;0;7;;;-1;1;Autovettura privata;In marcia / fermata / arresto;Conducente;F;Illeso;0;;Utilizzato;Inesistente
1728047;19;18/06/2007 15:35;Strada Urbana;VIA GIOVANNI MARTINOTTI;da specificare;;;;area di parcheggio ospedale S. FIlippo Neri;Scontro frontale/laterale DX fra veicoli in marcia;Rettilineo;Una carreggiata a doppio senso;Asciutto;Asfaltata;Verticale ed orizzontale;Sereno;Scarso;Buona;Ore Diurne;1;0;0;7;;;-1;1;Autovettura privata;In marcia / fermata / arresto;Passeggero;F;Illeso;0;;Non accertato;Inesistente
1728047;19;18/06/2007 15:35;Strada Urbana;VIA GIOVANNI MARTINOTTI;da specificare;;;;area di parcheggio ospedale S. FIlippo Neri;Scontro frontale/laterale DX fra veicoli in marcia;Rettilineo;Una carreggiata a doppio senso;Asciutto;Asfaltata;Verticale ed orizzontale;Sereno;Scarso;Buona;Ore Diurne;1;0;0;7;;;-1;1;Autovettura privata;In marcia / fermata / arresto;Passeggero;F;Illeso;0;;Utilizzato;Inesistente
1728047;19;18/06/2007 15:35;Strada Urbana;VIA GIOVANNI MARTINOTTI;da specificare;;;;area di parcheggio ospedale S. FIlippo Neri;Scontro frontale/laterale DX fra veicoli in marcia;Rettilineo;Una carreggiata a doppio senso;Asciutto;Asfaltata;Verticale ed orizzontale;Sereno;Scarso;Buona;Ore Diurne;1;0;0;7;;;-1;1;Autovettura privata;In marcia / fermata / arresto;Passeggero;F;Rimandato;0;NON DECEDUTO;Utilizzato;Inesistente
1728047;19;18/06/2007 15:35;Strada Urbana;VIA GIOVANNI MARTINOTTI;da specificare;;;;area di parcheggio ospedale S. FIlippo Neri;Scontro frontale/laterale DX fra veicoli in marcia;Rettilineo;Una carreggiata a doppio senso;Asciutto;Asfaltata;Verticale ed orizzontale;Sereno;Scarso;Buona;Ore Diurne;1;0;0;7;;;-1;2;Autovettura privata;In marcia / fermata / arresto;Conducente;F;Illeso;0;;Utilizzato;Inesistente
1728047;19;18/06/2007 15:35;Strada Urbana;VIA GIOVANNI MARTINOTTI;da specificare;;;;area di parcheggio ospedale S. FIlippo Neri;Scontro frontale/laterale DX fra veicoli in marcia;Rettilineo;Una carreggiata a doppio senso;Asciutto;Asfaltata;Verticale ed orizzontale;Sereno;Scarso;Buona;Ore Diurne;1;0;0;7;;;-1;2;Autovettura privata;In marcia / fermata / arresto;Passeggero;M;Illeso;0;;Utilizzato;Inesistente
1728047;19;18/06/2007 15:35;Strada Urbana;VIA GIOVANNI MARTINOTTI;da specificare;;;;area di parcheggio ospedale S. FIlippo Neri;Scontro frontale/laterale DX fra veicoli in marcia;Rettilineo;Una carreggiata a doppio senso;Asciutto;Asfaltata;Verticale ed orizzontale;Sereno;Scarso;Buona;Ore Diurne;1;0;0;7;;;-1;2;Autovettura privata;In marcia / fermata / arresto;Passeggero;F;Illeso;0;;Utilizzato;Inesistente
1728047;19;18/06/2007 15:35;Strada Urbana;VIA GIOVANNI MARTINOTTI;da specificare;;;;area di parcheggio ospedale S. FIlippo Neri;Scontro frontale/laterale DX fra veicoli in marcia;Rettilineo;Una carreggiata a doppio senso;Asciutto;Asfaltata;Verticale ed orizzontale;Sereno;Scarso;Buona;Ore Diurne;1;0;0;7;;;-1;2;Autovettura privata;In marcia / fermata / arresto;Passeggero;F;Illeso;0;;Utilizzato;Inesistente
1728048;19;19/06/2007 00:45;Strada Urbana;VIALE DELLE MEDAGLIE D'ORO;all'intersezione con;VIA SENECA;VIA SENECA;;;Scontro frontale/laterale DX fra veicoli in marcia;Incrocio;Una carreggiata a doppio senso;Asciutto;Asfaltata;Verticale ed orizzontale;Sereno;Scarso;Buona;Sufficiente;0;0;0;2;;;-1;1;Autovettura privata;In marcia / fermata / arresto;Conducente;F;Illeso;0;;Utilizzato;Inesistente
1728048;19;19/06/2007 00:45;Strada Urbana;VIALE DELLE MEDAGLIE D'ORO;all'intersezione con;VIA SENECA;VIA SENECA;;;Scontro frontale/laterale DX fra veicoli in marcia;Incrocio;Una carreggiata a doppio senso;Asciutto;Asfaltata;Verticale ed orizzontale;Sereno;Scarso;Buona;Sufficiente;0;0;0;2;;;-1;2;Autovettura privata;In marcia / fermata / arresto;Conducente;F;Illeso;0;;Utilizzato;Inesistente
1728049;19;19/06/2007 10:30;Strada Urbana;GALLERIA GIOVANNI XXIII;in prossimità;;della chilometrica ;1,5;;Tamponamento;Sottopasso illuminato;Una carreggiata a senso unico alternato;Asciutto;Asfaltata;Orizzontale;Sereno;Normale;Buona;Ore Diurne;0;0;0;3;;;-1;1;Autovettura privata;In marcia / fermata / arresto;Conducente;F;Illeso;0;;Utilizzato;Inesistente
1728049;19;19/06/2007 10:30;Strada Urbana;GALLERIA GIOVANNI XXIII;in prossimità;;della chilometrica ;1,5;;Tamponamento;Sottopasso illuminato;Una carreggiata a senso unico alternato;Asciutto;Asfaltata;Orizzontale;Sereno;Normale;Buona;Ore Diurne;0;0;0;3;;;-1;1;Autovettura privata;In marcia / fermata / arresto;Passeggero;M;Illeso;0;;Utilizzato;Inesistente
1728049;19;19/06/2007 10:30;Strada Urbana;GALLERIA GIOVANNI XXIII;in prossimità;;della chilometrica ;1,5;;Tamponamento;Sottopasso illuminato;Una carreggiata a senso unico alternato;Asciutto;Asfaltata;Orizzontale;Sereno;Normale;Buona;Ore Diurne;0;0;0;3;;;-1;2;Autovettura privata;In marcia / fermata / arresto;Conducente;M;Illeso;0;;Utilizzato;Inesistente
1728050;19;19/06/2007 11:45;Strada Urbana;VIA DI TORREVECCHIA;all'intersezione con;VIA CARLO LIVI;VIA CARLO LIVI;;;Scontro laterale fra veicoli in marcia;Incrocio;Una carreggiata a senso unico di marcia;Asciutto;Asfaltata;Verticale ed orizzontale;Sereno;Normale;Buona;Ore Diurne;1;0;0;1;;;-1;1;Autovettura privata;In marcia / fermata / arresto;Conducente;F;Illeso;0;;Utilizzato;Inesistente