Protocollo;Gruppo;DataOraIncidente;Localizzazione1;STRADA1;Localizzazione2;STRADA2;Strada02;Chilometrica;DaSpecificare;NaturaIncidente;particolaritastrade;TipoStrada;FondoStradale;Pavimentazione;Segnaletica;CondizioneAtmosferica;Traffico;Visibilita;Illuminazione;NUM_FERITI;NUM_RISERVATA;NUM_MORTI;NUM_ILLESI;Longitudine;Latitudine;Confermato;Progressivo;TipoVeicolo;StatoVeicolo;TipoPersona;Sesso;Tipolesione;Deceduto;DecedutoDopo;CinturaCascoUtilizzato;Airbag
1728704;10;26/06/2007 12:30;Strada Urbana;VIA CALPURNIO FIAMMA;all'intersezione semaforizzata con;VIALE S. GIOVANNI BOSCO;VIALE S. GIOVANNI BOSCO;;;Scontro frontale/laterale DX fra veicoli in marcia;Incrocio;Due carreggiate;Asciutto;Asfaltata;Verticale ed orizzontale;Nuvoloso;Normale;Buona;Ore Diurne;0;0;0;2;;;-1;1;Autovettura privata;In marcia / fermata / arresto;Conducente;M;Illeso;0;;Non accertato;Inesistente
1728704;10;26/06/2007 12:30;Strada Urbana;VIA CALPURNIO FIAMMA;all'intersezione semaforizzata con;VIALE S. GIOVANNI BOSCO;VIALE S. GIOVANNI BOSCO;;;Scontro frontale/laterale DX fra veicoli in marcia;Incrocio;Due carreggiate;Asciutto;Asfaltata;Verticale ed orizzontale;Nuvoloso;Normale;Buona;Ore Diurne;0;0;0;2;;;-1;2;Ciclomotore;In marcia / fermata / arresto;Conducente;M;Illeso;0;;Non accertato;Inesistente
1728705;10;26/06/2007 13:00;Strada Urbana;VIA QUINTO PUBLICIO;da specificare;;;;all'altezza di via Lamaro (dir. T. Spaccata) ;Veicolo in marcia contro ostacolo fisso;Curva a visuale libera;Due carreggiate;Asciutto;Asfaltata;Verticale ed orizzontale;Sereno;Normale;Buona;Ore Diurne;2;0;0;0;;;-1;1;Autovettura privata;In marcia / fermata / arresto;Conducente;M;Rimandato;0;NON DECEDUTO;Non accertato;Inesistente
1728705;10;26/06/2007 13:00;Strada Urbana;VIA QUINTO PUBLICIO;da specificare;;;;all'altezza di via Lamaro (dir. T. Spaccata) ;Veicolo in marcia contro ostacolo fisso;Curva a visuale libera;Due carreggiate;Asciutto;Asfaltata;Verticale ed orizzontale;Sereno;Normale;Buona;Ore Diurne;2;0;0;0;;;-1;1;Autovettura privata;In marcia / fermata / arresto;Passeggero;M;Rimandato;0;NON DECEDUTO;Non accertato;Inesistente
1728706;10;26/06/2007 15:50;Strada Urbana;VIALE TITO LABIENO;all'intersezione semaforizzata con;VIA TUSCOLANA;VIA TUSCOLANA;;;Scontro laterale fra veicoli in marcia;Incrocio;Una carreggiata a senso unico di marcia;Asciutto;Asfaltata;Assente;Sereno;Normale;Buona;Ore Diurne;0;0;0;3;;;-1;1;Autovettura privata;In marcia / fermata / arresto;Conducente;M;Illeso;0;;Non accertato;Inesistente
1728706;10;26/06/2007 15:50;Strada Urbana;VIALE TITO LABIENO;all'intersezione semaforizzata con;VIA TUSCOLANA;VIA TUSCOLANA;;;Scontro laterale fra veicoli in marcia;Incrocio;Una carreggiata a senso unico di marcia;Asciutto;Asfaltata;Assente;Sereno;Normale;Buona;Ore Diurne;0;0;0;3;;;-1;2;Autovettura privata;In marcia / fermata / arresto;Conducente;F;Illeso;0;;Non accertato;Inesistente
1728706;10;26/06/2007 15:50;Strada Urbana;VIALE TITO LABIENO;all'intersezione semaforizzata con;VIA TUSCOLANA;VIA TUSCOLANA;;;Scontro laterale fra veicoli in marcia;Incrocio;Una carreggiata a senso unico di marcia;Asciutto;Asfaltata;Assente;Sereno;Normale;Buona;Ore Diurne;0;0;0;3;;;-1;2;Autovettura privata;In marcia / fermata / arresto;Passeggero;F;Illeso;0;;Non accertato;Inesistente
1728707;10;26/06/2007 16:15;Strada Urbana;VIA TUSCOLANA;in prossimità;;del civico n. ;1530;;Veicolo in marcia contro ostacolo fisso;Rettilineo;Due carreggiate;Asciutto;Asfaltata;Verticale ed orizzontale;Nuvoloso;Normale;Buona;Ore Diurne;1;0;0;0;;;-1;1;Autovettura privata;In marcia / fermata / arresto;Conducente;M;Rimandato;0;NON DECEDUTO;Non accertato;Inesistente
1728708;10;26/06/2007 19:35;Strada Urbana;VIA SCRIBONIO CURIONE;all'intersezione con;VIA VESTRICIO SPURINNA;VIA VESTRICIO SPURINNA;;;Scontro frontale/laterale SX fra veicoli in marcia;Incrocio;Una carreggiata a senso unico di marcia;Asciutto;Asfaltata;Verticale ed orizzontale;Sereno;Normale;Buona;Ore Diurne;1;0;0;3;;;-1;1;Autovettura privata;In marcia / fermata / arresto;Conducente;M;Rimandato;0;NON DECEDUTO;Utilizzato;Inesistente
1728708;10;26/06/2007 19:35;Strada Urbana;VIA SCRIBONIO CURIONE;all'intersezione con;VIA VESTRICIO SPURINNA;VIA VESTRICIO SPURINNA;;;Scontro frontale/laterale SX fra veicoli in marcia;Incrocio;Una carreggiata a senso unico di marcia;Asciutto;Asfaltata;Verticale ed orizzontale;Sereno;Normale;Buona;Ore Diurne;1;0;0;3;;;-1;2;Autovettura privata;In marcia / fermata / arresto;Conducente;F;Illeso;0;;Utilizzato;Inesistente
1728708;10;26/06/2007 19:35;Strada Urbana;VIA SCRIBONIO CURIONE;all'intersezione con;VIA VESTRICIO SPURINNA;VIA VESTRICIO SPURINNA;;;Scontro frontale/laterale SX fra veicoli in marcia;Incrocio;Una carreggiata a senso unico di marcia;Asciutto;Asfaltata;Verticale ed orizzontale;Sereno;Normale;Buona;Ore Diurne;1;0;0;3;;;-1;2;Autovettura privata;In marcia / fermata / arresto;Passeggero;F;Illeso;0;;Utilizzato;Inesistente
1728708;10;26/06/2007 19:35;Strada Urbana;VIA SCRIBONIO CURIONE;all'intersezione con;VIA VESTRICIO SPURINNA;VIA VESTRICIO SPURINNA;;;Scontro frontale/laterale SX fra veicoli in marcia;Incrocio;Una carreggiata a senso unico di marcia;Asciutto;Asfaltata;Verticale ed orizzontale;Sereno;Normale;Buona;Ore Diurne;1;0;0;3;;;-1;2;Autovettura privata;In marcia / fermata / arresto;Passeggero;F;Illeso;0;;Non utilizzato;Inesistente
1728709;11;20/06/2007 10:50;Strada Urbana;VIA ARDEATINA;da specificare;;;;altezza GRA;Scontro frontale/laterale SX fra veicoli in marcia;Rettilineo;Una carreggiata a doppio senso;Asciutto;Asfaltata;Verticale ed orizzontale;Sereno;Intenso;Buona;Ore Diurne;0;0;0;3;;;-1;1;Autoarticolato;In marcia / fermata / arresto;Conducente;M;Illeso;0;;Non accertato;Inesistente
1728709;11;20/06/2007 10:50;Strada Urbana;VIA ARDEATINA;da specificare;;;;altezza GRA;Scontro frontale/laterale SX fra veicoli in marcia;Rettilineo;Una carreggiata a doppio senso;Asciutto;Asfaltata;Verticale ed orizzontale;Sereno;Intenso;Buona;Ore Diurne;0;0;0;3;;;-1;2;Autovettura privata;In marcia / fermata / arresto;Conducente;M;Illeso;0;;Non accertato;Inesistente
1728709;11;20/06/2007 10:50;Strada Urbana;VIA ARDEATINA;da specificare;;;;altezza GRA;Scontro frontale/laterale SX fra veicoli in marcia;Rettilineo;Una carreggiata a doppio senso;Asciutto;Asfaltata;Verticale ed orizzontale;Sereno;Intenso;Buona;Ore Diurne;0;0;0;3;;;-1;2;Autovettura privata;In marcia / fermata / arresto;Passeggero;F;Illeso;0;;Non accertato;Inesistente
1728710;11;24/06/2007 03:00;Strada Urbana;VIA FULVIO BERNARDINI;in prossimità;;del civico n. ;5;;Infortunio per caduta del veicolo;Rettilineo;Una carreggiata a doppio senso;Asciutto;Asfaltata;Verticale ed orizzontale;Sereno;Scarso;Insufficiente;Insufficiente;1;0;0;0;;;-1;1;Motociclo a solo;In marcia / fermata / arresto;Conducente;M;Rimandato;0;NON DECEDUTO;Non accertato;Inesistente
1728711;11;18/06/2007 11:30;Strada Urbana;VIA DI GROTTA PERFETTA;all'intersezione con;VIA SALVATORE DI GIACOMO;VIA SALVATORE DI GIACOMO;;;Scontro frontale/laterale DX fra veicoli in marcia;Intersezione stradale segnalata;Una carreggiata a doppio senso;Asciutto;Asfaltata;Verticale ed orizzontale;Sereno;Normale;Buona;Ore Diurne;1;0;0;1;;;-1;1;Autovettura privata;In marcia / fermata / arresto;Conducente;F;Illeso;0;;Non utilizzato;Inesistente
1728711;11;18/06/2007 11:30;Strada Urbana;VIA DI GROTTA PERFETTA;all'intersezione con;VIA SALVATORE DI GIACOMO;VIA SALVATORE DI GIACOMO;;;Scontro frontale/laterale DX fra veicoli in marcia;Intersezione stradale segnalata;Una carreggiata a doppio senso;Asciutto;Asfaltata;Verticale ed orizzontale;Sereno;Normale;Buona;Ore Diurne;1;0;0;1;;;-1;2;Motociclo a solo;In marcia / fermata / arresto;Conducente;M;Rimandato;0;NON DECEDUTO;Non accertato;Inesistente
1728712;11;18/06/2007 16:25;Strada Urbana;VIA TULLIO LEVI CIVITA;all'intersezione semaforizzata con;VIA TEMISTOCLE CALZECCHI ONESTI;VIA TEMISTOCLE CALZECCHI ONESTI;;;Scontro laterale fra veicoli in marcia;Intersezione semaforizzata;Due carreggiate;Asciutto;Asfaltata;Verticale ed orizzontale;Sereno;Normale;Buona;Ore Diurne;0;0;0;3;;;-1;1;Autovettura privata;In marcia / fermata / arresto;Conducente;M;Illeso;0;;Utilizzato;Inesistente
1728712;11;18/06/2007 16:25;Strada Urbana;VIA TULLIO LEVI CIVITA;all'intersezione semaforizzata con;VIA TEMISTOCLE CALZECCHI ONESTI;VIA TEMISTOCLE CALZECCHI ONESTI;;;Scontro laterale fra veicoli in marcia;Intersezione semaforizzata;Due carreggiate;Asciutto;Asfaltata;Verticale ed orizzontale;Sereno;Normale;Buona;Ore Diurne;0;0;0;3;;;-1;1;Autovettura privata;In marcia / fermata / arresto;Passeggero;F;Illeso;0;;Utilizzato;Inesistente
1728712;11;18/06/2007 16:25;Strada Urbana;VIA TULLIO LEVI CIVITA;all'intersezione semaforizzata con;VIA TEMISTOCLE CALZECCHI ONESTI;VIA TEMISTOCLE CALZECCHI ONESTI;;;Scontro laterale fra veicoli in marcia;Intersezione semaforizzata;Due carreggiate;Asciutto;Asfaltata;Verticale ed orizzontale;Sereno;Normale;Buona;Ore Diurne;0;0;0;3;;;-1;2;Motociclo a solo;In marcia / fermata / arresto;Conducente;M;Illeso;0;;Utilizzato;Inesistente
1728714;11;19/06/2007 09:10;Strada Urbana;VIA CRISTOFORO COLOMBO;in prossimità;;del civico n. ;143;;Infortunio per caduta del veicolo;Rettilineo;Più di due carreggiate;Asciutto;Asfaltata;Verticale ed orizzontale;Sereno;Normale;Buona;Ore Diurne;0;0;0;1;;;-1;1;Motociclo a solo;In marcia / fermata / arresto;Conducente;M;Illeso;0;;Utilizzato;Inesistente
1728715;11;19/06/2007 09:30;Strada Urbana;VIA POGGIO AMENO;all'intersezione con;VIA DI GROTTA PERFETTA;VIA DI GROTTA PERFETTA;;;Scontro frontale fra veicoli in marcia;Incrocio;Una carreggiata a doppio senso;Asciutto;Asfaltata;Verticale ed orizzontale;Nuvoloso;Normale;Buona;Ore Diurne;1;0;0;1;;;-1;1;Autovettura privata;In marcia / fermata / arresto;Conducente;F;Illeso;0;;Non accertato;Inesistente
1728715;11;19/06/2007 09:30;Strada Urbana;VIA POGGIO AMENO;all'intersezione con;VIA DI GROTTA PERFETTA;VIA DI GROTTA PERFETTA;;;Scontro frontale fra veicoli in marcia;Incrocio;Una carreggiata a doppio senso;Asciutto;Asfaltata;Verticale ed orizzontale;Nuvoloso;Normale;Buona;Ore Diurne;1;0;0;1;;;-1;2;Motociclo a solo;In marcia / fermata / arresto;Conducente;M;Rimandato;0;NON DECEDUTO;Non utilizzato;Inesistente
1728716;11;19/06/2007 10:00;Strada Urbana;VIA CRISTOFORO COLOMBO;da specificare;;;;in prossimità via Genocchi;Scontro frontale/laterale SX fra veicoli in marcia;Rettilineo;Più di due carreggiate;Asciutto;Asfaltata;Orizzontale;Sereno;Normale;Buona;Ore Diurne;0;0;0;5;;;-1;1;Autovettura privata;In marcia / fermata / arresto;Conducente;M;Illeso;0;;Utilizzato;Inesistente
1728716;11;19/06/2007 10:00;Strada Urbana;VIA CRISTOFORO COLOMBO;da specificare;;;;in prossimità via Genocchi;Scontro frontale/laterale SX fra veicoli in marcia;Rettilineo;Più di due carreggiate;Asciutto;Asfaltata;Orizzontale;Sereno;Normale;Buona;Ore Diurne;0;0;0;5;;;-1;1;Autovettura privata;In marcia / fermata / arresto;Passeggero;F;Illeso;0;;Non accertato;Inesistente
1728716;11;19/06/2007 10:00;Strada Urbana;VIA CRISTOFORO COLOMBO;da specificare;;;;in prossimità via Genocchi;Scontro frontale/laterale SX fra veicoli in marcia;Rettilineo;Più di due carreggiate;Asciutto;Asfaltata;Orizzontale;Sereno;Normale;Buona;Ore Diurne;0;0;0;5;;;-1;1;Autovettura privata;In marcia / fermata / arresto;Passeggero;F;Illeso;0;;Non accertato;Inesistente
1728716;11;19/06/2007 10:00;Strada Urbana;VIA CRISTOFORO COLOMBO;da specificare;;;;in prossimità via Genocchi;Scontro frontale/laterale SX fra veicoli in marcia;Rettilineo;Più di due carreggiate;Asciutto;Asfaltata;Orizzontale;Sereno;Normale;Buona;Ore Diurne;0;0;0;5;;;-1;2;Autocarro inferiore 35 q.;In marcia / fermata / arresto;Conducente;M;Illeso;0;;Utilizzato;Inesistente
1728716;11;19/06/2007 10:00;Strada Urbana;VIA CRISTOFORO COLOMBO;da specificare;;;;in prossimità via Genocchi;Scontro frontale/laterale SX fra veicoli in marcia;Rettilineo;Più di due carreggiate;Asciutto;Asfaltata;Orizzontale;Sereno;Normale;Buona;Ore Diurne;0;0;0;5;;;-1;2;Autocarro inferiore 35 q.;In marcia / fermata / arresto;Passeggero;M;Illeso;0;;Utilizzato;Inesistente
1728717;11;19/06/2007 18:40;Strada Urbana;VIA DI GROTTA PERFETTA;all'intersezione con;VIA POGGIO AMENO;VIA POGGIO AMENO;;;Scontro frontale/laterale SX fra veicoli in marcia;Incrocio;Una carreggiata a doppio senso;Asciutto;Asfaltata;Verticale ed orizzontale;Sereno;Normale;Buona;Ore Diurne;0;0;0;2;;;-1;1;Autovettura privata;In marcia / fermata / arresto;Conducente;M;Illeso;0;;Utilizzato;Inesistente
1728717;11;19/06/2007 18:40;Strada Urbana;VIA DI GROTTA PERFETTA;all'intersezione con;VIA POGGIO AMENO;VIA POGGIO AMENO;;;Scontro frontale/laterale SX fra veicoli in marcia;Incrocio;Una carreggiata a doppio senso;Asciutto;Asfaltata;Verticale ed orizzontale;Sereno;Normale;Buona;Ore Diurne;0;0;0;2;;;-1;2;Autovettura privata;In marcia / fermata / arresto;Conducente;M;Illeso;0;;Utilizzato;Inesistente
1728718;11;20/06/2007 10:40;Strada Urbana;VIA DEL PORTO FLUVIALE;all'intersezione con;VIA DEL COMMERCIO;VIA DEL COMMERCIO;;;Scontro frontale/laterale SX fra veicoli in marcia;Intersezione stradale segnalata;Una carreggiata a doppio senso;Asciutto;Asfaltata;Orizzontale;Sereno;Intenso;Buona;Ore Diurne;1;0;0;1;;;-1;1;Autocarro inferiore 35 q.;In marcia / fermata / arresto;Conducente;M;Illeso;0;;Utilizzato;Inesistente
1728718;11;20/06/2007 10:40;Strada Urbana;VIA DEL PORTO FLUVIALE;all'intersezione con;VIA DEL COMMERCIO;VIA DEL COMMERCIO;;;Scontro frontale/laterale SX fra veicoli in marcia;Intersezione stradale segnalata;Una carreggiata a doppio senso;Asciutto;Asfaltata;Orizzontale;Sereno;Intenso;Buona;Ore Diurne;1;0;0;1;;;-1;2;Motociclo a solo;In marcia / fermata / arresto;Conducente;M;Rimandato;0;NON DECEDUTO;Non accertato;Inesistente
1728719;11;20/06/2007 12:00;Strada Urbana;VIA OSTIENSE;in prossimità;;del civico n. ;154;;Investimento di pedone;Rettilineo;Più di due carreggiate;Asciutto;Asfaltata;Verticale ed orizzontale;Sereno;Normale;Buona;Ore Diurne;1;0;0;1;;;-1;;;;Pedone;M;Rimandato;0;NON DECEDUTO;;
1728719;11;20/06/2007 12:00;Strada Urbana;VIA OSTIENSE;in prossimità;;del civico n. ;154;;Investimento di pedone;Rettilineo;Più di due carreggiate;Asciutto;Asfaltata;Verticale ed orizzontale;Sereno;Normale;Buona;Ore Diurne;1;0;0;1;;;-1;1;Autovettura privata;In marcia / fermata / arresto;Conducente;M;Illeso;0;;Utilizzato;Inesistente
1728720;11;20/06/2007 14:15;Strada Urbana;VIA DI GROTTA PERFETTA;in prossimità;;del civico n. ;524;;Tamponamento Multiplo;Rettilineo;Una carreggiata a doppio senso;Asciutto;Asfaltata;Verticale ed orizzontale;Sereno;Normale;Buona;Ore Diurne;1;0;0;3;;;-1;1;Autovettura privata;In marcia / fermata / arresto;Passeggero;M;Illeso;0;;Utilizzato;Inesistente
1728720;11;20/06/2007 14:15;Strada Urbana;VIA DI GROTTA PERFETTA;in prossimità;;del civico n. ;524;;Tamponamento Multiplo;Rettilineo;Una carreggiata a doppio senso;Asciutto;Asfaltata;Verticale ed orizzontale;Sereno;Normale;Buona;Ore Diurne;1;0;0;3;;;-1;1;Autovettura privata;In marcia / fermata / arresto;Conducente;M;Rifiuta cure immediate;0;NON DECEDUTO;Non accertato;Inesistente
1728720;11;20/06/2007 14:15;Strada Urbana;VIA DI GROTTA PERFETTA;in prossimità;;del civico n. ;524;;Tamponamento Multiplo;Rettilineo;Una carreggiata a doppio senso;Asciutto;Asfaltata;Verticale ed orizzontale;Sereno;Normale;Buona;Ore Diurne;1;0;0;3;;;-1;2;Autovettura privata;In marcia / fermata / arresto;Conducente;F;Illeso;0;;Non accertato;Inesistente
1728720;11;20/06/2007 14:15;Strada Urbana;VIA DI GROTTA PERFETTA;in prossimità;;del civico n. ;524;;Tamponamento Multiplo;Rettilineo;Una carreggiata a doppio senso;Asciutto;Asfaltata;Verticale ed orizzontale;Sereno;Normale;Buona;Ore Diurne;1;0;0;3;;;-1;3;Autovettura privata;In marcia / fermata / arresto;Conducente;F;Illeso;0;;Utilizzato;Inesistente
1728721;11;20/06/2007 16:40;Strada Urbana;VIA CAFFARO;all'intersezione con;VIA GIOVANNI ANDREA BADOERO;VIA GIOVANNI ANDREA BADOERO;;;Scontro frontale/laterale DX fra veicoli in marcia;Incrocio;Due carreggiate;Asciutto;Asfaltata;Verticale ed orizzontale;Sereno;Normale;Buona;Ore Diurne;1;0;0;1;;;-1;1;Autovettura privata;In marcia / fermata / arresto;Conducente;M;Illeso;0;;Non accertato;Inesistente
1728721;11;20/06/2007 16:40;Strada Urbana;VIA CAFFARO;all'intersezione con;VIA GIOVANNI ANDREA BADOERO;VIA GIOVANNI ANDREA BADOERO;;;Scontro frontale/laterale DX fra veicoli in marcia;Incrocio;Due carreggiate;Asciutto;Asfaltata;Verticale ed orizzontale;Sereno;Normale;Buona;Ore Diurne;1;0;0;1;;;-1;2;Ciclomotore;In marcia / fermata / arresto;Conducente;M;Rimandato;0;NON DECEDUTO;Utilizzato;Inesistente
1728722;11;20/06/2007 22:55;Strada Urbana;VIALE GUGLIELMO MARCONI;da specificare;;;;in prossimità fermata metro;Scontro frontale/laterale DX fra veicoli in marcia;Rettilineo;Due carreggiate;Asciutto;Asfaltata;Orizzontale;Sereno;Normale;Buona;Sufficiente;1;0;0;1;;;-1;1;Autovettura privata;In marcia / fermata / arresto;Conducente;M;Illeso;0;;Non accertato;Inesistente
1728722;11;20/06/2007 22:55;Strada Urbana;VIALE GUGLIELMO MARCONI;da specificare;;;;in prossimità fermata metro;Scontro frontale/laterale DX fra veicoli in marcia;Rettilineo;Due carreggiate;Asciutto;Asfaltata;Orizzontale;Sereno;Normale;Buona;Sufficiente;1;0;0;1;;;-1;2;Motociclo a solo;In marcia / fermata / arresto;Conducente;M;Rimandato;0;NON DECEDUTO;Utilizzato;Inesistente
1728723;11;21/06/2007 08:15;Strada Urbana;CIRCONVALLAZIONE OSTIENSE;da specificare;;;;altezza sottovia;Veicolo in marcia contro ostacolo fisso;Sottopasso illuminato;Una carreggiata a senso unico di marcia;Bagnato (umidità in atto);Asfaltata;Orizzontale;Sereno;Normale;Buona;Ore Diurne;0;0;0;1;;;-1;1;Autovettura privata;In marcia / fermata / arresto;Conducente;F;Illeso;0;;Utilizzato;Inesistente
1728724;11;21/06/2007 09:20;Strada Urbana;VIALE GUGLIELMO MARCONI;all'intersezione con;VIA DEI CADUTI SENZA CROCE;VIA DEI CADUTI SENZA CROCE;;;Scontro laterale fra veicoli in marcia;Intersezione stradale segnalata;Due carreggiate;Asciutto;Asfaltata;Verticale ed orizzontale;Sereno;Intenso;Buona;Ore Diurne;0;0;0;3;;;-1;1;Autovettura privata;In marcia / fermata / arresto;Conducente;F;Illeso;0;;Utilizzato;Inesistente
1728724;11;21/06/2007 09:20;Strada Urbana;VIALE GUGLIELMO MARCONI;all'intersezione con;VIA DEI CADUTI SENZA CROCE;VIA DEI CADUTI SENZA CROCE;;;Scontro laterale fra veicoli in marcia;Intersezione stradale segnalata;Due carreggiate;Asciutto;Asfaltata;Verticale ed orizzontale;Sereno;Intenso;Buona;Ore Diurne;0;0;0;3;;;-1;2;Autovettura privata;In marcia / fermata / arresto;Conducente;F;Illeso;0;;Non utilizzato;Inesistente
1728724;11;21/06/2007 09:20;Strada Urbana;VIALE GUGLIELMO MARCONI;all'intersezione con;VIA DEI CADUTI SENZA CROCE;VIA DEI CADUTI SENZA CROCE;;;Scontro laterale fra veicoli in marcia;Intersezione stradale segnalata;Due carreggiate;Asciutto;Asfaltata;Verticale ed orizzontale;Sereno;Intenso;Buona;Ore Diurne;0;0;0;3;;;-1;2;Autovettura privata;In marcia / fermata / arresto;Passeggero;F;Illeso;0;;Non accertato;Inesistente
1728725;11;21/06/2007 10:20;Strada Urbana;VIALE CARLO TOMMASO ODESCALCHI;all'intersezione con;VIA FLAVIA TIZIANA;VIA FLAVIA TIZIANA;;;Scontro frontale fra veicoli in marcia;Incrocio;Più di due carreggiate;Asciutto;Asfaltata;Verticale ed orizzontale;Sereno;Normale;Buona;Ore Diurne;1;0;0;2;;;-1;1;Autovettura privata;In marcia / fermata / arresto;Conducente;M;Illeso;0;;Non accertato;Inesistente
1728725;11;21/06/2007 10:20;Strada Urbana;VIALE CARLO TOMMASO ODESCALCHI;all'intersezione con;VIA FLAVIA TIZIANA;VIA FLAVIA TIZIANA;;;Scontro frontale fra veicoli in marcia;Incrocio;Più di due carreggiate;Asciutto;Asfaltata;Verticale ed orizzontale;Sereno;Normale;Buona;Ore Diurne;1;0;0;2;;;-1;1;Autovettura privata;In marcia / fermata / arresto;Passeggero;M;Rifiuta cure immediate;0;NON DECEDUTO;Non utilizzato;Inesistente
1728725;11;21/06/2007 10:20;Strada Urbana;VIALE CARLO TOMMASO ODESCALCHI;all'intersezione con;VIA FLAVIA TIZIANA;VIA FLAVIA TIZIANA;;;Scontro frontale fra veicoli in marcia;Incrocio;Più di due carreggiate;Asciutto;Asfaltata;Verticale ed orizzontale;Sereno;Normale;Buona;Ore Diurne;1;0;0;2;;;-1;2;Autovettura privata;In marcia / fermata / arresto;Conducente;F;Illeso;0;;Non accertato;Inesistente
1728726;11;21/06/2007 13:10;Strada Urbana;VIALE GUGLIELMO MARCONI;all'intersezione semaforizzata con;VIA CORRADO SEGRE;VIA CORRADO SEGRE;;;Scontro laterale fra veicoli in marcia;Intersezione semaforizzata;Due carreggiate;Asciutto;Asfaltata;Verticale ed orizzontale;Sereno;Normale;Buona;Ore Diurne;2;0;0;1;;;-1;1;Autovettura privata;In marcia / fermata / arresto;Conducente;F;Illeso;0;;Utilizzato;Inesistente
1728726;11;21/06/2007 13:10;Strada Urbana;VIALE GUGLIELMO MARCONI;all'intersezione semaforizzata con;VIA CORRADO SEGRE;VIA CORRADO SEGRE;;;Scontro laterale fra veicoli in marcia;Intersezione semaforizzata;Due carreggiate;Asciutto;Asfaltata;Verticale ed orizzontale;Sereno;Normale;Buona;Ore Diurne;2;0;0;1;;;-1;2;Motociclo con passeggero;In marcia / fermata / arresto;Conducente;M;Rifiuta cure immediate;0;NON DECEDUTO;Utilizzato;Inesistente
1728726;11;21/06/2007 13:10;Strada Urbana;VIALE GUGLIELMO MARCONI;all'intersezione semaforizzata con;VIA CORRADO SEGRE;VIA CORRADO SEGRE;;;Scontro laterale fra veicoli in marcia;Intersezione semaforizzata;Due carreggiate;Asciutto;Asfaltata;Verticale ed orizzontale;Sereno;Normale;Buona;Ore Diurne;2;0;0;1;;;-1;2;Motociclo con passeggero;In marcia / fermata / arresto;Passeggero;F;Rimandato;0;NON DECEDUTO;Utilizzato;Inesistente
1728727;11;21/06/2007 14:40;Strada Urbana;VIALE GUGLIELMO MARCONI;all'intersezione semaforizzata con;VIA VALCO DI S. PAOLO;VIA VALCO DI S. PAOLO;;;Tamponamento;Incrocio;Due carreggiate;Asciutto;Asfaltata;Verticale ed orizzontale;Sereno;Normale;Buona;Ore Diurne;0;0;0;2;;;-1;1;Autovettura privata;In marcia / fermata / arresto;Conducente;M;Illeso;0;;Utilizzato;Inesistente
1728727;11;21/06/2007 14:40;Strada Urbana;VIALE GUGLIELMO MARCONI;all'intersezione semaforizzata con;VIA VALCO DI S. PAOLO;VIA VALCO DI S. PAOLO;;;Tamponamento;Incrocio;Due carreggiate;Asciutto;Asfaltata;Verticale ed orizzontale;Sereno;Normale;Buona;Ore Diurne;0;0;0;2;;;-1;2;Autocarro inferiore 35 q.;In marcia / fermata / arresto;Conducente;M;Illeso;0;;Utilizzato;Inesistente
1728728;11;21/06/2007 16:00;Strada Urbana;VIALE DI S. PAOLO;in prossimità;;del civico n. ;16;;Infortunio per caduta del veicolo;Rettilineo;Due carreggiate;Asciutto;Asfaltata;Verticale ed orizzontale;Sereno;Normale;Buona;Ore Diurne;1;0;0;0;;;-1;1;Motociclo a solo;In marcia / fermata / arresto;Conducente;M;Rimandato;0;NON DECEDUTO;Non accertato;Inesistente
1728729;11;21/06/2007 19:15;Strada Urbana;VIA MARIO BIANCHINI;da specificare;;;;in prossimità di Via F. Maestrelli;Tamponamento;Curva a visuale libera;Una carreggiata a doppio senso;Asciutto;Asfaltata;Verticale ed orizzontale;Sereno;Normale;Buona;Ore Diurne;0;0;0;1;;;-1;1;Autovettura privata;In marcia / fermata / arresto;Conducente;F;Illeso;0;;Utilizzato;Inesistente
1728730;11;21/06/2007 21:10;Strada Urbana;VIALE GUGLIELMO MARCONI;all'intersezione semaforizzata con;PIAZZALE TOMMASO EDISON;PIAZZALE TOMMASO EDISON;;;Scontro laterale fra veicoli in marcia;Intersezione semaforizzata;Più di due carreggiate;Asciutto;Asfaltata;Verticale ed orizzontale;Sereno;Normale;Sufficiente;Sufficiente;2;0;0;1;;;-1;1;Autovettura di polizia;In marcia / fermata / arresto;Conducente;M;Illeso;0;;Utilizzato;Inesistente
1728730;11;21/06/2007 21:10;Strada Urbana;VIALE GUGLIELMO MARCONI;all'intersezione semaforizzata con;PIAZZALE TOMMASO EDISON;PIAZZALE TOMMASO EDISON;;;Scontro laterale fra veicoli in marcia;Intersezione semaforizzata;Più di due carreggiate;Asciutto;Asfaltata;Verticale ed orizzontale;Sereno;Normale;Sufficiente;Sufficiente;2;0;0;1;;;-1;2;Motociclo con passeggero;In marcia / fermata / arresto;Conducente;M;Rimandato;0;NON DECEDUTO;Non accertato;Inesistente